target,0,1,2,3,4,5,6,7,8,9,
2609797461.jpg,164622257.jpg,1259627071.jpg,6261354929.jpg,5415557808.jpg,7754652028.jpg,2168809436.jpg,3342450499.jpg,2755554894.jpg,6199928586.jpg,3827238558.jpg
1788892671.jpg,2471493193.jpg,3086507638.jpg,3943882596.jpg,2483792149.jpg,7162734265.jpg,2404488732.jpg,95021246.jpg,4866176322.jpg,4979680901.jpg,438639005.jpg
129860826.jpg,416992999.jpg,315021440.jpg,2696636252.jpg,774009278.jpg,5236666873.jpg,2896483502.jpg,2559114800.jpg,2483792149.jpg,438639005.jpg,3278189732.jpg
3376227992.jpg,2429175207.jpg,6072179885.jpg,719231347.jpg,3243094580.jpg,21167868.jpg,54185885.jpg,7835294722.jpg,4985525121.jpg,2146640888.jpg,3220161734.jpg
1423997242.jpg,5415557808.jpg,2713382349.jpg,7754652028.jpg,6199928586.jpg,1435187650.jpg,164622257.jpg,2168809436.jpg,1259627071.jpg,3342450499.jpg,2981162237.jpg
2083844357.jpg,2084622444.jpg,256283122.jpg,2165677531.jpg,3658733605.jpg,4575380951.jpg,7705160728.jpg,5893481130.jpg,102268204.jpg,2325258180.jpg,3607489370.jpg
2830869109.jpg,294549892.jpg,3056569684.jpg,2090339522.jpg,3203653158.jpg,1277743944.jpg,2739180469.jpg,4730941218.jpg,3380072636.jpg,2981162237.jpg,3145779380.jpg
97138973.jpg,438639005.jpg,2326730558.jpg,675153.jpg,2471493193.jpg,213836461.jpg,4303790425.jpg,3859858162.jpg,6261354929.jpg,4520819002.jpg,537579448.jpg
725722798.jpg,4771355927.jpg,315021440.jpg,6458049647.jpg,5893481130.jpg,3149038044.jpg,1299459550.jpg,2773011586.jpg,2598796842.jpg,3692396278.jpg,2328106090.jpg
610841649.jpg,4771355927.jpg,6458049647.jpg,7309159954.jpg,4412560590.jpg,2896483502.jpg,537579448.jpg,4927778124.jpg,3149038044.jpg,3473635435.jpg,2196107384.jpg
